<?xml version='1.0' encoding='UTF-8'?>
<faces-config version="3.0" xmlns="https://jakarta.ee/xml/ns/jakartaee"
              xmlns:xsi="http://www.w3.org/2001/XMLSchema-instance"
              xsi:schemaLocation="https://jakarta.ee/xml/ns/jakartaee
                                  https://jakarta.ee/xml/ns/jakartaee/web-facesconfig_3_0.xsd">
    <application>
    <locale-config>
        <default-locale>es</default-locale>
        <supported-locale>en</supported-locale>
    </locale-config>
    <resource-bundle>
        <base-name>/Bundle</base-name>
        <var>bundle</var>
    </resource-bundle>
    </application>
</faces-config>